Workbook
Name Enter_data_in_this_column: 'Input Data'!$B$1
Name Note_that_the_calculations_on_this_page_are_based_upon_the_data_enter_into_the__Input_Data__spreadsheet: 'Training Estimates'!$A$1

Sheet Input Data
A1: Course Development | B1: Enter data in this column
A2: Duration of course (hours) | B2: 6.5 | C2: Hours
A3: Difficulty Level to design course | B3: 30 | C3: Enter 30 for average class, 40 for more advanced training classes, or 50 for highly technical training
A4: Multimedia Level | B4: 1.5 | C4: Enter 1 for little or no multimedia, 1.5 for some multimedia, and 2 if the course is composed mostly of multimedia
A5: Experience Level of Designers | B5: 0.9 | C5: Enter 1.2 for new designers, 1 for average skill sets, and 0.8 for designers with advanced skills
A6: Number of Instructors per hour of training | B6: 1 | C6: If course is blended learning, then enter percentage of time instructors will be used. For example, if 1/2 the class is asynchronous elearning, then enter 0.5
A8: Learners
A9: Total number of learners to be trained | B9: 20
A10: Class Size | B10: 6
A11: Travel cost | B11: 1200 | C11: Enter average travel cost for a participant
A12: Average pay of learner | B12: 23 | C12: per hour
A14: Misc (in dollars)
A15: Equipment | B15: 350
A16: Outside vendor | B16: 0
A17: Consultant | B17: 0
A18: Video | B18: 600
A19: Other | B19: 160
C22: Results are are given in the "Training Estimates" worksheet
C24: Note: Enter your own data in column B. In addition, you might have to adjust the numbers in column C to fit your own organization
I100: Cost

Sheet Training Estimates
A1: Note that the calculations on this page are based upon the data enter into the "Input Data" spreadsheet
B3: Percentage of Time | C3: Hours
A4: Needs Assessment | B4: 0.03 | C4: =B4*C14 -> 7.8975
A5: Prepare Project Plan | B5: 0.02 | C5: =B5*C14 -> 5.265
A6: Conduct Course Content/Learning Analysis | B6: 0.05 | C6: =B6*C14 -> 13.1625
A7: Develop Instructional Media Design Package | B7: 0.1 | C7: =B7*C14 -> 26.325
A8: Develop Prototype Lesson | B8: 0.05 | C8: =B8*C14 -> 13.1625
A9: Develop Flowcharts | B9: 0.03 | C9: =B9*C14 -> 7.8975
A10: Develop Script/Storyboards | B10: 0.19 | C10: =B10*C14 -> 50.0175
A11: Produce/Acquire Media (Photos, audio, video) | B11: 0.13 | C11: =B11*C14 -> 34.2225
A12: Author Course | B12: 0.3 | C12: =B12*C14 -> 78.975
A13: Evaluate the Course (In-Process Reviews) | B13: 0.1 | C13: =B13*C14 -> 26.325
B14: =SUM(B4:B13) -> 1 | C14: ='Input Data'!B2*'Input Data'!B3*'Input Data'!B4*'Input Data'!B5 -> 263.25 | D14: Total Hours to create course
A16: Instructor Prep Time | C16: ='Input Data'!B6*(IF('Input Data'!B2<=40, Notes!B10*'Input Data'!B2, Notes!B12*'Input Data'!B2)) -> 19.5 | D16: hours
C19: Labor Cost
A20: Instructional Designer labor cost | C20: =C14*Notes!B5 -> 7592.13
A21: Instructor labor cost | C21: =((('Input Data'!B9/'Input Data'!B10)*'Input Data'!B2*'Input Data'!B6)+C16)*Notes!B5 -> 1187.2467
A22: Learner's wages | C22: ='Input Data'!B12*'Input Data'!B9 -> 460
A23: Travel costs | C23: ='Input Data'!B11*'Input Data'!B9 -> 24000
C24: =SUM(C20:C23) -> 33239.377 | D24: Total
A26: Misc Costs:
A27: Equipment | C27: ='Input Data'!B15 -> 350
A28: Outside vendor | C28: ='Input Data'!B16 -> 0
A29: Consultant | C29: ='Input Data'!B17 -> 0
A30: Video | C30: 600
A31: Other | C31: ='Input Data'!B19 -> 160
C33: =SUM(C24+C27+C28+C29+C30+31) -> 34220.377 | D33: Grand Total
E34: Note: You might have to adjust the percentages to fit your organization, if so, ensure the percentage add up to 100%

Sheet Notes
A1: Produce a video | B1: 2000 | C1: per-finished-minutes (PFM) depending upon concept, locations, talent, special effects, etc.
A2: Produce slides | B2: 25 | C2: per slide
A3: Produce audio tape | B3: 75 | C3: per minute
A4: Student guide | B4: 88 | C4: four to eight hours development time to produce 1/2 to 2 pages
A5: Instructional Designer | B5: 28.84 | C5: based on salary of $60,000 per year
A6: Management or Organization Specialist | B6: 38.46 | C6: based on salary of $80,000 per year
A7: Outside Consultant or Specialist | B7: 85 | C7: per hour
A9: Instructor Preparation: | C9: (Dugan Laird, in "Approaches to Training and Development," (1985) Based on U.S. Civil Service estimate):
B10: 3 | C10: Course is five days or less, then 3 hours of preparation for each hour of training.
B11: 2.5 | C11: Course is between five and ten days, then 2.5 hours of preparation for each hour of training.
B12: 2 | C12: Course is over 10 days, then 2 hours of preparation for each hour of training.
